,Event,Date/Time,Latitude,Longitude,Bottle,Press [dbar],Depth,Temp [°C],QF water temp,Tpot [°C],QF Tpot,Tcon [°C],QF Tcon,Sal,QF sal,ASAL [g/kg],QF ASAL,Density [kg/m**3],QF rho,DO [ml/l],O2 [µmol/kg],QF O2,F chl [µg/l],QF F chl,fCDOM,QF fCDOM,He [cm**3/g],Ne [cm**3/g],Ar [cm**3/g],Kr [cm**3/g],Xe [cm**3/g],He std dev [±],Ne std dev [±],Ar std dev [±],Kr std dev [±],Xe std dev [±],ΔHe [%],ΔNe [%],ΔAr [%],ΔKr [%],ΔXe [%],ΔHe std dev [±],ΔNe std dev [±],ΔAr std dev [±],ΔKr std dev [±],ΔXe std dev [±],3He/4He [atm],3He/4He std dev [±],sigma0 [kg/m**3]
0,SO21_05-03,2021-08-04T17:29:40,83.11933333,29.4805,1,3989.5,3910.299467,-0.65955,1,-0.916494397,1,-0.915088265,1,34.94135377,1,35.1103111,1,1046.379373,1,6.74265021,296.3455356,1,,9,,9,4.34e-08,1.896e-07,0.0003903,9.583e-08,1.46e-08,2.2e-10,8.9e-10,1e-06,8.1e-10,1e-10,6.3,3.6,-1.2,-2.0,-3.4,0.5,0.5,0.3,0.8,0.7,1.02,0.015,28.107116856051334
1,SO21_05-03,2021-08-04T17:29:40,83.11933333,29.4805,3,3000.6,2947.597802,-0.7488,1,-0.915583264,1,-0.91415887,1,34.93495735,1,35.10383054,1,1042.001172,1,6.795414951,297.8310338,1,-0.001194718,1,0.008916,1,4.304e-08,1.886e-07,0.0003889,9.581e-08,1.458e-08,4.3e-10,1.6e-09,1.7e-06,1.6e-09,1.8e-10,5.5,3.1,-1.6,-2.0,-3.5,1.1,0.9,0.4,1.7,1.2,1.049,0.025,28.10185735118216
2,SO21_05-03,2021-08-04T17:29:40,83.11933333,29.4805,5,2500.1,2458.758942,-0.7601,1,-0.888111311,1,-0.886700739,1,34.92824889,1,35.09700069,1,1039.738436,1,6.818236774,298.3520379,1,-0.002082718,1,0.009154,1,4.301e-08,1.883e-07,0.0003894,9.556e-08,1.443e-08,2.2e-10,8.8e-10,7.7e-07,8.4e-10,1e-10,5.4,2.9,-1.4,-2.2,-4.4,0.5,0.5,0.2,0.9,0.7,1.062,0.015,28.095202029441907
3,SO21_05-03,2021-08-04T17:29:40,83.11933333,29.4805,7,2000.1,1969.315623,-0.7253,1,-0.819533934,1,-0.81818662,1,34.92129671,1,35.08987228,1,1037.450151,1,6.829476093,297.7719704,1,-0.001279154,1,0.009392,1,4.125e-08,1.834e-07,0.0003853,9.563e-08,1.449e-08,3e-10,1.2e-09,9.9e-07,8.4e-10,1.2e-10,1.1,0.4,-2.3,-1.9,-3.8,0.7,0.7,0.3,0.9,0.8,1.035,0.015,28.086538474299914
4,SO21_05-03,2021-08-04T17:29:40,83.11933333,29.4805,9,1500.3,1478.968168,-0.5914,1,-0.657062701,1,-0.655895828,1,34.91538929,1,35.08365982,1,1035.129625,1,6.862421882,298.0432028,1,-0.0014569,1,0.00963,1,4.122e-08,1.813e-07,0.0003832,9.456e-08,1.437e-08,4.2e-10,8.4e-10,9.9e-07,8.4e-10,1.3e-10,1.1,-0.6,-2.4,-2.5,-3.9,1.0,0.5,0.3,0.9,0.9,1.06,0.015,28.07436030327267
5,SO21_05-03,2021-08-04T17:29:40,83.11933333,29.4805,11,1000.5,987.4908462,-0.1981,1,-0.240731524,1,-0.240035826,1,34.90546993,1,35.0730252,1,1032.768048,1,6.959371731,301.3053768,1,0.002253719,1,0.009868,1,4.124e-08,1.815e-07,0.0003807,9.259e-08,1.395e-08,3e-10,1.1e-09,1.7e-06,1.1e-09,1.2e-10,1.4,-0.1,-1.9,-3.2,-5.1,0.7,0.6,0.4,1.2,0.8,1.027,0.016,28.045784794268002
6,SO21_05-03,2021-08-04T17:29:40,83.11933333,29.4805,13,700.7,692.0560526,0.4244,1,0.392731134,1,0.392668146,1,34.90318953,1,35.07030938,1,1031.313586,1,6.958856953,300.4478601,1,0.001430809,1,0.009868,1,4.039e-08,1.799e-07,0.0003726,9.148e-08,1.379e-08,4.1e-10,1.6e-09,1.9e-06,1.1e-09,1.1e-10,-0.4,-0.3,-2.4,-2.4,-3.9,1.0,0.9,0.5,1.2,0.8,1.043,0.016,28.008673375253466
7,SO21_05-03,2021-08-04T17:29:40,83.11933333,29.4805,15,500.5,494.5481263,1.1847,1,1.159780397,1,1.158736579,1,34.91262678,1,35.07954253,1,1030.317993,1,6.925482182,298.4228332,1,0.000774591,1,0.009868,1,3.709e-08,1.788e-07,0.000364,8.949e-08,1.353e-08,1.3e-09,1.1e-09,1.2e-06,1e-09,1.2e-10,-8.2,-0.1,-2.8,-2.2,-2.9,3.1,0.6,0.3,1.1,0.9,1.013,0.032,27.96666061879978
8,SO21_05-03,2021-08-04T17:29:40,83.11933333,29.4805,17,300.4,296.9473792,1.6083,1,1.592818667,1,1.591483585,1,34.87876659,1,35.04532212,1,1029.318391,1,6.93277487,300.8387803,1,-5.88e-05,1,0.009868,1,4.043e-08,1.795e-07,0.0003644,8.695e-08,1.304e-08,2.9e-10,1.1e-09,1.6e-06,1.1e-09,1.1e-10,0.2,0.8,-1.6,-3.7,-4.8,0.7,0.6,0.4,1.2,0.8,1.042,0.017,27.90807752792466
9,SO21_05-03,2021-08-04T17:29:40,83.11933333,29.4805,19,100.0,98.92758159,-0.63925,1,-0.642212884,1,-0.639713627,1,34.51654568,1,34.68111305,1,1028.227833,1,7.621633576,331.4583534,1,-0.002761635,1,0.011296,1,4.2e-08,1.876e-07,0.0003915,9.686e-08,1.462e-08,3e-10,1.2e-09,1.9e-06,2.4e-09,1.4e-10,2.8,2.6,-0.5,-0.4,-2.5,0.7,0.6,0.5,2.4,0.9,1.021,0.015,27.749699316022543
10,SO21_05-03,2021-08-04T17:29:40,83.11933333,29.4805,21,28.8,28.47016337,-1.54475,1,-1.545321855,1,-1.541343055,1,34.02689981,1,34.18891857,1,1027.526221,1,8.304057557,365.2128046,1,0.089,1,0.010344,1,4.223e-08,1.874e-07,0.0003947,9.865e-08,1.505e-08,3e-10,1.1e-09,2e-06,2.3e-09,1.3e-10,2.6,1.1,-2.5,-1.9,-3.6,0.7,0.6,0.5,2.3,0.8,0.995,0.016,27.38649932720159
11,SO21_08-09,2021-08-08T21:52:01,86.44733333,33.39616667,1,2940.7,2889.072459,-0.74095,1,-0.903078773,1,-0.901662116,1,34.93226485,1,35.10117905,1,1041.728904,1,6.755004881,297.1889698,1,,9,,9,4.114e-08,1.852e-07,0.0003889,9.682e-08,1.454e-08,2.8e-10,1.1e-09,1.7e-06,1.2e-09,1.3e-10,0.8,1.2,-1.5,-0.9,-3.7,0.7,0.6,0.4,1.2,0.9,1.05,0.018,28.099197584629792
12,SO21_08-09,2021-08-08T21:52:01,86.44733333,33.39616667,3,2891.0,2840.567937,-0.7428,1,-0.900903904,1,-0.8994873,1,34.93139118,1,35.10029283,1,1041.50385,1,6.750200287,296.9760236,1,,9,0.008916,1,4.258e-08,1.838e-07,0.0003911,9.622e-08,1.453e-08,9.4e-10,1.6e-09,1.2e-06,1.2e-09,1.3e-10,4.3,0.4,-1.0,-1.5,-3.8,2.3,0.8,0.3,1.2,0.8,1.069,0.017,28.098392331082778
13,SO21_08-09,2021-08-08T21:52:01,86.44733333,33.39616667,5,2501.3,2459.812922,-0.73715,1,-0.865679692,1,-0.864286382,1,34.92471731,1,35.09350219,1,1039.737579,1,6.783403465,297.5472074,1,,9,0.009154,1,4.17e-08,1.846e-07,0.0003905,9.533e-08,1.451e-08,3e-10,1.6e-09,1.7e-06,1.1e-09,1.4e-10,2.2,1.0,-1.0,-2.3,-3.8,0.7,0.9,0.4,1.2,0.9,1.056,0.018,28.09143506428859
14,SO21_08-09,2021-08-08T21:52:01,86.44733333,33.39616667,7,2001.3,1970.417214,-0.6591,1,-0.75448101,1,-0.753210102,1,34.9199713,1,35.08857418,1,1037.446932,1,6.785033596,296.262829,1,,9,0.00963,1,4.114e-08,1.829e-07,0.0003865,9.546e-08,1.45e-08,4.3e-10,1.2e-09,1.4e-06,8.4e-10,1e-10,0.9,0.1,-1.8,-1.9,-3.4,1.1,0.7,0.4,0.9,0.7,1.039,0.015,28.08266278318729
15,SO21_08-09,2021-08-08T21:52:01,86.44733333,33.39616667,9,1501.2,1479.814036,-0.4983,1,-0.565184932,1,-0.56412668,1,34.91411563,1,35.08234937,1,1035.124814,1,6.855729769,299.7898784,1,,9,0.009868,1,4.053e-08,1.823e-07,0.0003863,9.51e-08,1.431e-08,4.1e-10,1.6e-09,7.7e-07,8.4e-10,1e-10,-0.5,0.0,-1.4,-1.6,-4.0,1.0,0.9,0.2,0.9,0.7,1.059,0.015,28.06908861469742
16,SO21_08-09,2021-08-08T21:52:01,86.44733333,33.39616667,11,1001.3,988.1447356,-0.16795,1,-0.210829668,1,-0.210153753,1,34.90146011,1,35.0689011,1,1032.762341,1,6.968466142,303.0579099,1,,9,0.009868,1,4.156e-08,1.859e-07,0.0003824,9.141e-08,1.403e-08,4.4e-10,1.2e-09,1.4e-06,1.6e-09,2.3e-10,2.2,2.4,-1.4,-4.4,-4.5,1.1,0.7,0.4,1.7,1.5,0.863,0.039,28.040942859939605
17,SO21_08-09,2021-08-08T21:52:01,86.44733333,33.39616667,13,699.4,690.786058,0.2024,1,0.172165458,1,0.172419131,1,34.89263696,1,35.05970154,1,1031.313137,1,6.961774028,301.8220217,1,,9,0.010106,1,4.232e-08,1.83e-07,0.0003758,9.245e-08,1.396e-08,2.6e-10,2.5e-09,9.7e-07,9.7e-10,1.5e-10,4.2,1.2,-2.2,-2.1,-3.6,0.6,1.4,0.3,1.0,1.0,0.983,0.039,28.012931719045127
18,SO21_08-09,2021-08-08T21:52:01,86.44733333,33.39616667,15,500.5,494.506771,0.64755,1,0.624922709,1,0.624666597,1,34.88677707,1,35.05365065,1,1030.340443,1,6.927026516,299.3590611,1,,9,0.010106,1,4.049e-08,1.806e-07,0.0003721,9.048e-08,1.361e-08,2.1e-10,6e-10,9.5e-07,8.1e-10,1.5e-10,-0.1,0.4,-2.0,-2.8,-4.3,0.5,0.3,0.3,0.9,1.1,1.031,0.02,27.981190240993328
19,SO21_08-09,2021-08-08T21:52:01,86.44733333,33.39616667,17,300.2,296.7392011,1.08665,1,1.072497138,1,1.071848916,1,34.86418486,1,35.03076992,1,1029.34852,1,6.820639071,294.5813663,1,,9,0.010344,1,4.114e-08,1.777e-07,0.0003683,8.72e-08,1.317e-08,3.1e-10,1.5e-09,1.3e-06,9.2e-10,1.4e-10,1.8,-0.8,-1.9,-5.0,-5.8,0.8,0.8,0.4,1.0,1.0,1.067,0.027,27.93366534937627
20,SO21_08-09,2021-08-08T21:52:01,86.44733333,33.39616667,19,100.2,99.10104584,-0.8923,1,-0.895010633,1,-0.891988174,1,34.39143464,1,34.55559696,1,1028.13836,1,7.222337472,320.2738643,1,,9,0.014866,1,4.123e-08,1.882e-07,0.0003934,9.823e-08,1.47e-08,2.8e-10,1.1e-09,1.2e-06,1.1e-09,1.2e-10,0.7,2.5,-0.8,0.1,-3.1,0.7,0.6,0.3,1.1,0.8,1.037,0.017,27.65932808622506
21,SO21_08-09,2021-08-08T21:52:01,86.44733333,33.39616667,21,30.1,29.78710329,-1.6749,1,-1.675421696,1,-1.670598454,1,33.47240735,1,33.63263136,1,1027.085634,1,8.679931263,385.9606212,1,,9,0.013676,1,4.088e-08,1.886e-07,0.0004144,1.042e-07,1.585e-08,2.8e-10,1.1e-09,1.3e-06,1.2e-09,1.4e-10,-1.1,1.3,1.6,2.8,0.5,0.7,0.6,0.3,1.2,0.9,0.985,0.014,26.94081883751005
22,SO21_16-06,2021-08-12T21:59:29,88.94466667,22.73066667,1,4428.3,4335.690235,-0.6224,1,-0.924142071,1,-0.922729045,1,34.94214988,1,35.11124834,1,1048.285843,1,6.657282865,295.6815073,1,,9,0.00899454,1,4.241e-08,1.851e-07,0.0003903,9.562e-08,1.449e-08,3.9e-10,1.6e-09,3.4e-06,9.4e-10,1.2e-10,3.9,1.2,-1.3,-2.2,-4.1,0.9,0.9,0.9,1.0,0.8,1.014,0.015,28.10819121452505
23,SO21_16-06,2021-08-12T21:59:29,88.94466667,22.73066667,3,4000.1,3920.302221,-0.66945,1,-0.927063281,1,-0.92564456,1,34.94150323,1,35.11058082,1,1046.424966,1,6.663374405,295.8456418,1,,9,0.00899454,1,4.12e-08,1.824e-07,0.0003903,9.659e-08,1.448e-08,2.9e-10,1.6e-09,1e-06,1.2e-09,1.3e-10,0.9,-0.3,-1.3,-1.2,-4.2,0.7,0.9,0.3,1.2,0.9,1.049,0.015,28.107775085198455
24,SO21_16-06,2021-08-12T21:59:29,88.94466667,22.73066667,5,3500.2,3434.205874,-0.71245,1,-0.92249054,1,-0.921061539,1,34.93618206,1,35.10519697,1,1044.222339,1,6.674184742,296.0285171,1,,9,0.00894218,1,4.099e-08,1.843e-07,0.0003886,9.717e-08,1.481e-08,1.4e-09,1.6e-09,2e-06,9.9e-10,1.2e-10,0.4,0.7,-1.7,-0.6,-2.0,3.4,0.9,0.5,1.0,0.8,1.054,0.016,28.10324659569551
25,SO21_16-06,2021-08-12T21:59:29,88.94466667,22.73066667,7,3000.1,2946.896201,-0.7323,1,-0.899363959,1,-0.897944191,1,34.92966108,1,35.09860558,1,1041.990488,1,6.699666251,296.7449364,1,,9,0.00904452,1,4.114e-08,1.832e-07,0.0003866,9.559e-08,1.468e-08,4.3e-10,1.2e-09,1.4e-06,7.5e-10,1.2e-10,0.8,0.1,-2.1,-2.2,-2.8,1.1,0.7,0.4,0.8,0.8,1.025,0.013,28.096968335736165
26,SO21_16-06,2021-08-12T21:59:29,88.94466667,22.73066667,9,2000.1,1969.221408,-0.60615,1,-0.702339256,1,-0.701138066,1,34.92139936,1,35.09013213,1,1037.438125,1,6.702154344,295.8247946,1,,9,0.00925158,1,4.076e-08,1.835e-07,0.0003871,9.472e-08,1.456e-08,4.3e-10,1.2e-09,1e-06,9.9e-10,1.3e-10,0.0,0.5,-1.5,-2.5,-2.8,1.1,0.7,0.3,1.0,0.8,1.023,0.013,28.081606582047925
27,SO21_16-06,2021-08-12T21:59:29,88.94466667,22.73066667,11,1000.2,987.0798577,-0.06285,1,-0.106570165,1,-0.10602682,1,34.90282231,1,35.07034143,1,1032.750267,1,6.864909976,302.3033323,1,,9,0.0099513,1,4.246e-08,1.875e-07,0.0003787,9.326e-08,1.414e-08,4.2e-10,2.6e-09,1.2e-06,8.7e-10,1.1e-10,4.4,3.4,-2.1,-2.1,-3.4,1.0,1.4,0.3,0.9,0.8,1.009,0.015,28.036679001610764
28,SO21_16-06,2021-08-12T21:59:29,88.94466667,22.73066667,13,699.9,691.226781,0.3397,1,0.308601011,1,0.308698542,1,34.89103853,1,35.05817298,1,1031.305943,1,6.851010971,301.2273619,1,,9,0.00974186,1,4.037e-08,1.813e-07,0.0003765,9.206e-08,1.373e-08,4.3e-10,1.2e-09,1.4e-06,1.6e-09,2.3e-10,-0.5,0.4,-1.6,-2.1,-4.6,1.1,0.7,0.4,1.7,1.6,1.027,0.039,28.003887204855573
29,SO21_16-06,2021-08-12T21:59:29,88.94466667,22.73066667,15,500.1,494.1225872,0.9161,1,0.892326665,1,0.891703336,1,34.89564116,1,35.06266393,1,1030.326548,1,6.813260587,298.9134208,1,,9,0.00959668,1,4.228e-08,1.869e-07,0.0003733,8.999e-08,1.358e-08,4.4e-10,1.2e-09,1.4e-06,1.6e-09,2.2e-10,4.5,4.2,-1.0,-2.5,-3.5,1.1,0.7,0.4,1.7,1.5,0.914,0.038,27.97125605749966
30,SO21_16-06,2021-08-12T21:59:29,88.94466667,22.73066667,17,300.3,296.8147005,1.22555,1,1.211038615,1,1.210173424,1,34.87360805,1,35.04040822,1,1029.345427,1,6.72257387,294.8301397,1,,9,0.0098085,1,3.993e-08,1.808e-07,0.0003661,8.893e-08,1.321e-08,2.7e-10,1.1e-09,1.6e-06,9.8e-10,1.2e-10,-1.2,1.1,-2.1,-2.7,-5.0,0.7,0.6,0.4,1.1,0.9,1.033,0.019,27.931804121553796
31,SO21_16-06,2021-08-12T21:59:29,88.94466667,22.73066667,19,99.9,98.81147186,-1.49855,1,-1.500679022,1,-1.49710679,1,34.24053821,1,34.40470554,1,1028.040461,1,7.421213357,323.723121,1,,9,0.01549908,1,3.983e-08,1.86e-07,0.0003971,9.851e-08,1.482e-08,1.3e-09,1.6e-09,2.9e-06,2.9e-09,5.4e-10,-3.1,0.6,-1.6,-1.7,-4.7,3.3,0.8,0.7,2.9,3.5,1.056,0.042,27.559382141883816
32,SO21_16-06,2021-08-12T21:59:29,88.94466667,22.73066667,21,29.8,29.45964658,-1.676,1,-1.676502992,1,-1.67124729,1,33.17349573,1,33.33356758,1,1026.84411,1,8.602886162,373.4582087,1,,9,0.01493978,1,4.304e-08,1.895e-07,0.0004161,1.05e-07,1.62e-08,4.3e-10,1.6e-09,2.6e-06,1.1e-09,1.3e-10,3.9,1.5,1.7,3.3,2.5,1.0,0.9,0.6,1.1,0.8,0.961,0.029,26.699212329061538
33,SO21_20-03,2021-08-14T16:32:58,89.60183333,17.01466667,1,4325.7,4236.283477,-0.6334,1,-0.92437769,1,-0.922965409,1,34.94248305,1,35.11159832,1,1047.844387,1,6.716825516,,9,,9,,9,4.163e-08,1.84e-07,0.0003871,9.532e-08,1.447e-08,2.4e-10,8.8e-10,1.7e-06,2.9e-09,5.3e-10,2.0,0.6,-2.1,-2.5,-4.2,0.6,0.5,0.4,2.9,3.5,1.08,0.043,28.108483026943304
34,SO21_20-03,2021-08-14T16:32:58,89.60183333,17.01466667,3,3997.6,3917.840037,-0.6698,1,-0.927211899,1,-0.925793866,1,34.94178132,1,35.11087507,1,1046.416477,1,6.723346037,296.4366129,1,,9,0.00883984,1,4.176e-08,1.851e-07,0.0003888,9.766e-08,1.452e-08,1.4e-09,1.6e-09,2e-06,2e-09,5.3e-10,2.3,1.1,-1.6,-0.1,-3.9,3.4,0.9,0.5,2.0,3.5,1.019,0.019,28.108018363753672
35,SO21_20-03,2021-08-14T16:32:58,89.60183333,17.01466667,5,3500.1,3434.110064,-0.7099,1,-0.920012951,1,-0.918588997,1,34.93681576,1,35.10584146,1,1044.222479,1,6.72583413,296.0168533,1,,9,0.00898026,1,4.158e-08,1.821e-07,0.0003829,9.535e-08,1.446e-08,2.5e-10,1.5e-09,1.9e-06,2e-09,3.6e-10,1.9,-0.5,-3.1,-2.5,-4.3,0.6,0.8,0.5,2.1,2.4,1.052,0.016,28.103662536520005
36,SO21_20-03,2021-08-14T16:32:58,89.60183333,17.01466667,7,2500.1,2458.615708,-0.7064,1,-0.835470316,1,-0.834111907,1,34.92378212,1,35.09264758,1,1039.728822,1,6.765815218,296.5385377,1,,9,0.00924682,1,4.058e-08,1.83e-07,0.0003865,9.492e-08,1.438e-08,4.3e-10,1.2e-09,1.4e-06,1.6e-09,2.4e-10,-0.5,0.1,-2.0,-2.7,-4.5,1.0,0.7,0.4,1.7,1.6,0.941,0.107,28.089458378158042
37,SO21_20-03,2021-08-14T16:32:58,89.60183333,17.01466667,9,2000.2,1969.280111,-0.55955,1,-0.656523321,1,-0.655398821,1,34.92719964,1,35.09599257,1,1037.437916,1,6.722316481,295.832049,1,,9,0.00908736,1,4.144e-08,1.982e-07,0.0003952,9.383e-08,1.445e-08,3.5e-10,1.3e-09,9.9e-07,1.3e-09,1.7e-10,1.7,8.6,0.7,-3.2,-3.4,0.8,0.7,0.3,1.3,1.2,1.075,0.021,28.084262594351003
38,SO21_20-03,2021-08-14T16:32:58,89.60183333,17.01466667,11,1500.1,1478.651821,-0.4139,1,-0.481789332,1,-0.480841494,1,34.91606849,1,35.08446743,1,1035.114162,1,6.856845121,298.931211,1,,9,0.00923254,1,4.129e-08,1.827e-07,0.0003832,9.506e-08,1.425e-08,3e-10,8.1e-10,9.8e-07,8.5e-10,1.1e-10,1.4,0.3,-1.9,-1.4,-4.0,0.7,0.4,0.3,0.9,0.8,1.046,0.016,28.066865007068373
39,SO21_20-03,2021-08-14T16:32:58,89.60183333,17.01466667,15,700.0,691.2720548,0.4743,1,0.442406877,1,0.442360342,1,34.88788302,1,35.05502142,1,1031.292752,1,6.946673875,301.5500402,1,,9,0.00962286,1,4.134e-08,1.898e-07,0.0003781,9.271e-08,1.383e-08,5.5e-10,8.4e-10,8.2e-07,6.5e-10,1.1e-10,2.0,5.2,-0.9,-1.0,-3.4,1.4,0.5,0.2,0.7,0.8,1.003,0.015,27.993453683566486
40,SO21_20-03,2021-08-14T16:32:58,89.60183333,17.01466667,17,499.9,493.9807019,0.9922,1,0.968112822,1,0.967444252,1,34.88787459,1,35.05488509,1,1030.314221,1,6.926340145,300.2138411,1,,9,0.00957764,1,4.102e-08,1.791e-07,0.0003709,9.146e-08,1.359e-08,3.9e-10,1.1e-09,1.5e-06,7.4e-10,1.4e-10,1.4,-0.1,-1.5,-0.7,-3.1,1.0,0.6,0.4,0.8,1.0,1.029,0.019,27.960001117399315
41,SO21_20-03,2021-08-14T16:32:58,89.60183333,17.01466667,19,246.6,243.8065144,1.4098,1,1.397588715,1,1.396609721,1,34.85803598,1,35.02476913,1,1029.069311,1,6.871859478,297.0653389,1,,9,0.00980374,1,4.084e-08,1.775e-07,0.0003651,8.855e-08,1.31e-08,5.5e-10,3.5e-09,2.1e-06,1.1e-09,2.1e-10,1.2,-0.6,-1.9,-2.5,-5.1,1.4,1.9,0.6,1.2,1.5,1.015,0.027,27.9060353153734
42,SO21_20-03,2021-08-14T16:32:58,89.60183333,17.01466667,21,30.2,29.91311211,-1.697,1,-1.69747033,1,-1.691668972,1,32.74107859,1,32.89941362,1,1026.493978,1,8.637118897,376.0699662,1,,9,0.02034238,1,4.227e-08,1.917e-07,0.0004246,1.059e-07,1.593e-08,9.5e-10,1e-09,2.1e-06,8e-10,1.6e-10,1.8,2.4,3.4,3.8,0.3,2.3,0.6,0.5,0.8,1.0,1.006,0.026,26.34894133326179
43,SO21_28-03,2021-08-21T11:08:47,88.7395,-136.9016667,1,4016.9,3936.544852,-0.2534,1,-0.52522274,1,-0.524363993,1,34.95515806,1,35.12430761,1,1046.444803,1,6.542058399,287.1591145,1,,9,0.0084519,1,4.219e-08,1.87e-07,0.0003861,9.401e-08,1.446e-08,4.2e-10,1.6e-09,2e-06,8.6e-10,1.2e-10,3.6,2.7,-1.3,-2.6,-2.8,1.0,0.9,0.5,0.9,0.8,0.975,0.013,28.100974175602687
44,SO21_28-03,2021-08-21T11:08:47,88.7395,-136.9016667,3,3000.1,2946.913091,-0.34525,1,-0.521526884,1,-0.520672302,1,34.95513869,1,35.1241352,1,1041.959837,1,6.54085725,286.5208934,1,,9,0.008678,1,4.208e-08,1.833e-07,0.0003847,9.538e-08,1.448e-08,4.2e-10,1.5e-09,2e-06,8.6e-10,1.1e-10,3.3,0.7,-1.6,-1.2,-2.6,1.0,0.8,0.5,0.9,0.8,0.984,0.014,28.100660945163554
45,SO21_28-03,2021-08-21T11:08:47,88.7395,-136.9016667,5,2500.1,2458.645822,-0.37725,1,-0.513033237,1,-0.512184655,1,34.9537185,1,35.12275032,1,1039.713742,1,6.548922105,286.1807963,1,,9,0.00886126,1,4.417e-08,1.775e-07,0.0003896,9.445e-08,1.411e-08,1.5e-09,1.2e-09,2e-06,8.8e-10,1.2e-10,8.5,-2.5,-0.3,-2.1,-5.1,3.6,0.6,0.5,0.9,0.8,0.974,0.013,28.09914505874849
46,SO21_28-03,2021-08-21T11:08:47,88.7395,-136.9016667,7,2000.1,1969.18078,-0.40195,1,-0.501568052,1,-0.500708924,1,34.94683716,1,35.11574719,1,1037.436967,1,6.607864181,288.1722836,1,,9,0.00895408,1,4.162e-08,1.832e-07,0.000384,9.464e-08,1.417e-08,3.1e-10,8.1e-10,9.9e-07,8e-10,1.1e-10,2.2,0.6,-1.7,-1.9,-4.6,0.8,0.4,0.3,0.8,0.8,0.986,0.027,28.092967624506628
47,SO21_28-03,2021-08-21T11:08:47,88.7395,-136.9016667,9,1500.1,1478.720059,-0.36955,1,-0.438012979,1,-0.437145225,1,34.92306874,1,35.09147885,1,1035.11563,1,6.77885626,295.7365648,1,,9,0.00925634,1,4.089e-08,1.821e-07,0.000383,9.267e-08,1.413e-08,4.3e-10,1.2e-09,1.4e-06,1.6e-09,2.3e-10,0.4,0.1,-1.9,-3.7,-4.7,1.1,0.7,0.4,1.6,1.6,0.936,0.047,28.070404145496923
48,SO21_28-03,2021-08-21T11:08:47,88.7395,-136.9016667,11,1000.0,986.8699239,-0.1471,1,-0.190082328,1,-0.18938328,1,34.88958297,1,35.05704501,1,1032.746562,1,6.90497686,300.9442402,1,,9,0.00963476,1,4.097e-08,1.942e-07,0.0003855,9.31e-08,1.4e-08,6.1e-10,1.3e-09,1.4e-06,1.7e-09,2.3e-10,0.7,6.9,-0.6,-2.5,-4.6,1.5,0.7,0.4,1.8,1.6,1.127,0.042,28.030349641590192
49,SO21_28-03,2021-08-21T11:08:47,88.7395,-136.9016667,13,700.2,691.5625298,0.17785,1,0.14773431,1,0.148093874,1,34.87583944,1,35.04296012,1,1031.306373,1,6.926854923,301.064205,1,,9,0.00973472,1,4.007e-08,1.804e-07,0.0003772,9.175e-08,1.402e-08,4.2e-10,1.2e-09,9.7e-07,7.4e-10,1.1e-10,-1.3,-0.3,-1.9,-2.9,-3.2,1.0,0.7,0.3,0.8,0.8,1.045,0.013,28.000871214682775
50,SO21_28-03,2021-08-21T11:08:47,88.7395,-136.9016667,15,500.0,494.0627661,0.54215,1,0.519986473,1,0.519938138,1,34.87033605,1,35.03738334,1,1030.335498,1,6.89914271,299.1735432,1,,9,0.00997986,1,4.196e-08,1.904e-07,0.0003774,9.216e-08,1.387e-08,5.9e-10,1e-09,3.3e-06,7.7e-10,9.5e-11,3.5,5.6,-0.9,-1.3,-2.9,1.5,0.6,0.9,0.8,0.7,1.046,0.013,27.974627034338937
51,SO21_28-03,2021-08-21T11:08:47,88.7395,-136.9016667,17,300.2,296.7734392,0.776,1,0.762653194,1,0.762476814,1,34.84249549,1,35.00938001,1,1029.354659,1,6.813946958,295.3838055,1,,9,0.01025118,1,4.111e-08,1.798e-07,0.0003733,8.968e-08,1.358e-08,6.4e-10,2.5e-09,3.3e-06,8e-10,1.1e-10,1.5,0.0,-1.4,-3.3,-4.0,1.6,1.4,0.9,0.9,0.8,0.996,0.013,27.93703047276108
52,SO21_28-03,2021-08-21T11:08:47,88.7395,-136.9016667,19,100.0,98.86296446,-1.4993,1,-1.501323183,1,-1.496775068,1,33.7219772,1,33.88526447,1,1027.621525,1,7.090211129,308.4165472,1,,9,0.0228509,1,4.179e-08,1.913e-07,0.0003986,9.863e-08,1.511e-08,9.4e-10,1.1e-09,2e-06,8.9e-10,1.2e-10,1.3,3.1,-1.7,-2.0,-3.3,2.3,0.6,0.5,0.9,0.8,1.03,0.014,27.139974252535012
53,SO21_28-03,2021-08-21T11:08:47,88.7395,-136.9016667,21,30.0,29.70348762,-1.56925,1,-1.569602703,1,-1.560638778,1,30.29071711,1,30.43700434,1,1024.502931,1,8.807338808,384.566889,1,,9,0.0172579,1,4.291e-08,2.017e-07,0.0004356,1.089e-07,1.682e-08,9.6e-10,1.2e-09,2.6e-06,9.6e-10,1.4e-10,1.9,6.2,4.4,5.1,4.3,2.3,0.6,0.6,0.9,0.8,0.993,0.014,24.35734656248883
54,SO21_46-02,2021-09-02T08:51:55,85.8485,-38.41966667,1,3301.3,3240.597092,-0.7178,1,-0.910356489,1,-0.908951825,1,34.93926708,1,35.10821054,1,1043.341081,1,6.747025823,295.2279866,1,,9,0.0089636,1,4.529e-08,1.993e-07,0.000398,9.719e-08,1.49e-08,6.1e-10,1.1e-09,3.4e-06,1.4e-09,1.7e-10,11.0,8.9,0.7,-0.6,-1.3,1.5,0.6,0.9,1.4,1.1,1.012,0.021,28.105167692851865
55,SO21_46-02,2021-09-02T08:51:55,85.8485,-38.41966667,3,3000.1,2946.955137,-0.71465,1,-0.882126789,1,-0.880726799,1,34.92914867,1,35.09802331,1,1041.987761,1,6.783231873,296.9443946,1,,9,0.00911592,1,4.257e-08,1.909e-07,0.0003856,9.562e-08,1.459e-08,3.1e-10,7.4e-10,8e-07,8.8e-10,1.2e-10,4.3,4.4,-2.3,-2.1,-3.3,0.8,0.4,0.2,0.9,0.8,1.026,0.015,28.0957734159374
56,SO21_46-02,2021-09-02T08:51:55,85.8485,-38.41966667,5,2500.1,2458.666699,-0.65705,1,-0.787107065,1,-0.785806555,1,34.9231682,1,35.09195464,1,1039.722555,1,6.769933442,295.5414007,1,,9,0.009154,1,4.291e-08,1.847e-07,0.0003849,9.575e-08,1.464e-08,3.2e-10,2.6e-09,8e-07,9.1e-10,1.3e-10,5.2,1.1,-2.3,-1.7,-2.6,0.8,1.4,0.2,0.9,0.9,1.053,0.022,28.08681179165319
57,SO21_46-02,2021-09-02T08:51:55,85.8485,-38.41966667,7,2000.3,1969.441086,-0.4691,1,-0.567561224,1,-0.566557524,1,34.93000314,1,35.09869784,1,1037.430607,1,6.734499559,293.3075324,1,,9,0.00918256,1,4.661e-08,2.018e-07,0.0003938,9.408e-08,1.435e-08,4.9e-10,1.3e-09,1.4e-06,1.6e-09,2.4e-10,14.4,10.7,0.6,-2.7,-3.7,1.2,0.7,0.4,1.7,1.6,1.045,0.039,28.082353670570228
58,SO21_46-02,2021-09-02T08:51:55,85.8485,-38.41966667,9,1500.1,1478.67972,-0.3204,1,-0.38945963,1,-0.388629235,1,34.91704732,1,35.08535939,1,1035.106235,1,6.817979385,296.1630951,1,,9,0.00932774,1,4.278e-08,2.066e-07,0.0003892,9.541e-08,1.457e-08,5.9e-10,1.1e-09,3.4e-06,1.4e-09,1.7e-10,5.1,13.5,-0.2,-0.7,-1.5,1.5,0.6,0.9,1.4,1.1,1.034,0.02,28.063123210715048
59,SO21_46-02,2021-09-02T08:51:55,85.8485,-38.41966667,11,998.6,985.5203409,-0.03215,1,-0.076054039,1,-0.075496213,1,34.89054633,1,35.05819046,1,1032.733424,1,6.877865221,301.5541361,1,,9,0.0095824,1,4.218e-08,1.894e-07,0.0003848,9.321e-08,1.411e-08,5.9e-10,1e-09,9.1e-07,9.5e-10,9.6e-11,3.8,4.5,-0.5,-2.1,-3.4,1.5,0.6,0.2,1.0,0.7,1.069,0.014,28.02530565037
60,SO21_46-02,2021-09-02T08:51:55,85.8485,-38.41966667,13,700.2,691.4843176,0.3093,1,0.278402995,1,0.27861424,1,34.87472725,1,35.0419005,1,1031.295369,1,6.856244547,299.5806746,1,,9,0.00967522,1,4.151e-08,1.845e-07,0.0003775,9.171e-08,1.383e-08,4.4e-10,1.2e-09,9.7e-07,6.9e-10,9.7e-11,2.3,2.1,-1.5,-2.6,-4.0,1.1,0.7,0.3,0.7,0.7,1.057,0.021,27.99258719410227
61,SO21_46-02,2021-09-02T08:51:55,85.8485,-38.41966667,15,500.3,494.3120733,0.74825,1,0.725210987,1,0.724927557,1,34.86986224,1,35.03682145,1,1030.319243,1,6.848351285,296.1252983,1,,9,0.00972044,1,4.042e-08,1.795e-07,0.0003707,9.051e-08,1.364e-08,4.3e-10,1.2e-09,9.5e-07,9.1e-10,9.4e-11,-0.2,-0.1,-2.1,-2.5,-3.7,1.1,0.7,0.3,1.0,0.7,1.048,0.013,27.961393038434835
62,SO21_46-02,2021-09-02T08:51:55,85.8485,-38.41966667,17,300.0,296.5428446,0.90465,1,0.89098285,1,0.890756042,1,34.82599779,1,34.99301906,1,1029.332152,1,6.78048639,292.2491251,1,,9,0.0102607,1,4.177e-08,1.792e-07,0.0003724,8.933e-08,1.353e-08,3.1e-10,2.5e-09,3.3e-06,8.5e-10,1.6e-10,3.2,-0.2,-1.3,-3.3,-3.9,0.8,1.4,0.9,0.9,1.1,0.997,0.015,27.915610591430777
63,SO21_46-02,2021-09-02T08:51:55,85.8485,-38.41966667,19,99.9,98.79327261,-1.4232,1,-1.425275557,1,-1.420514116,1,33.6358462,1,33.79860623,1,1027.549104,1,6.934490796,303.0648901,1,,9,0.02291992,1,4.231e-08,1.903e-07,0.0003974,1.077e-07,1.598e-08,1.4e-09,1.6e-09,2.9e-06,3.4e-09,6e-10,2.6,2.6,-1.8,7.2,2.5,3.4,0.9,0.7,3.3,3.9,1.045,0.042,27.06771849364577
64,SO21_46-02,2021-09-02T08:51:55,85.8485,-38.41966667,21,30.1,29.77545464,-1.4673,1,-1.467667146,1,-1.45786646,1,30.06290492,1,30.20833527,1,1024.316453,1,8.886185632,390.2326776,1,,9,0.01630828,1,4.514e-08,2.069e-07,0.0004356,1.082e-07,1.666e-08,9.9e-10,1.2e-09,2.7e-06,9.6e-10,1.3e-10,7.1,8.9,4.5,4.5,3.5,2.3,0.6,0.6,0.9,0.8,0.988,0.015,24.170906030602055
